fname,lname
Aimee,Abbott
Alexandra,Powell
Alexandra,Sanders
Alexandria,Brown
Alexandria,Owens
Alexis,Gordon
Alexis,Jones
Alexis,May
Alice,Harris
Alicia,Acosta
Alicia,Conrad
Alicia,Davis
Alicia,Martinez
Alicia,Roberts
Alicia,Smith
Alisha,Brown
Alison,Hernandez
Allison,Bennett
Allison,Davis
Allison,Montoya
Allison,Moore
Allison,Romero
Alyssa,Campbell
Alyssa,Rollins
Amanda,Booth
Amanda,Bowman
Amanda,Brown
Amanda,Cameron
Amanda,Castro
Amanda,Christensen
Amanda,Cole
Amanda,Collins
Amanda,Curry
Amanda,Daniels
Amanda,Farmer
Amanda,Fischer
Amanda,Fry
Amanda,Gomez
Amanda,Harris
Amanda,Lopez
Amanda,Martinez
Amanda,Mayer
Amanda,Mckinney
Amanda,Mendez
Amanda,Moore
Amanda,Owens
Amanda,Patton
Amanda,Price
Amanda,Reynolds
Amanda,Russo
Amanda,Sanders
Amanda,Simmons
Amanda,Smith
Amanda,Sullivan
Amanda,Williams
Amber,Ashley
Amber,Boyd
Amber,Jackson
Amber,Johnson
Amber,Mayo
Amber,Moran
Amber,Murphy
Amber,Palmer
Amber,Pham
Amber,Smith
Amber,White
Amy,Baker
Amy,Briggs
Amy,Brown
Amy,Chambers
Amy,Colon
Amy,Decker
Amy,George
Amy,Hammond
Amy,Jimenez
Amy,Morris
Amy,Parker
Amy,Robinson
Amy,Sanchez
Amy,Smith
Amy,Terry
Amy,Washington
Andrea,Bass
Andrea,Hudson
Andrea,Montoya
Andrea,Moore
Andrea,Morris
Andrea,Oliver
Andrea,Peterson
Andrea,Pittman
Andrea,Spencer
Andrea,Villa
Angel,Brown
Angel,Foley
Angela,Daniel
Angela,Deleon
Angela,George
Angela,Holland
Angela,Horn
Angela,Johnson
Angela,Lopez
Angela,Miller
Angela,Nelson
Angela,Rangel
Angela,Russell
Angela,Santos
Angela,Tran
Angela,Wheeler
Angela,Williams
Angela,Wilson
Angie,Garcia
Anita,Black
Ann,Flores
Ann,Long
Anna,Beltran
Anna,Ferguson
Anna,Hall
Anna,Leblanc
Anne,Patterson
Anne,Vargas
Anne,White
April,Arellano
April,Carney
April,Fisher
April,Garcia
April,Jones
April,Lynch
April,Rocha
April,Stafford
April,Washington
Ariel,Bowman
Ariel,Hill
Ariel,Mccarthy
Ariel,Wright
Ashlee,Bray
Ashley,Bryan
Ashley,Carey
Ashley,Dickerson
Ashley,Gallagher
Ashley,George
Ashley,Glover
Ashley,Hernandez
Ashley,Howard
Ashley,Mcdonald
Ashley,Miranda
Ashley,Moore
Ashley,Morse
Ashley,Nelson
Ashley,Romero
Ashley,Serrano
Ashley,Shepherd
Ashley,Skinner
Ashley,Smith
Ashley,Thornton
Ashley,Turner
Ashley,Watson
Ashley,Woodward
Audrey,Contreras
Audrey,Franklin
Audrey,Johns
Audrey,Lester
Bailey,Allen
Barbara,Camacho
Barbara,Garcia
Barbara,Kennedy
Barbara,Sanchez
Belinda,Matthews
Beth,Hicks
Beth,Rogers
Betty,Pierce
Bonnie,Aguilar
Bonnie,King
Bonnie,Williams
Bonnie,Wright
Brandy,Collins
Brandy,Cortez
Brandy,Hoover
Brandy,Johnson
Brandy,Oneill
Brandy,Parker
Brandy,Shaw
Breanna,Gibson
Breanna,Graham
Breanna,Hill
Breanna,Knapp
Brenda,Acosta
Brenda,Daniels
Brenda,Huffman
Brenda,Jackson
Brenda,Keith
Brenda,Padilla
Brenda,Porter
Brenda,Powers
Brenda,Smith
Briana,Brewer
Brianna,English
Brianna,Juarez
Brianna,Marshall
Brianna,Moyer
Brianna,Nielsen
Brianna,Wilcox
Bridget,Miller
Bridget,Parker
Brittany,Berry
Brittany,Combs
Brittany,Gardner
Brittany,Jones
Brittany,Jordan
Brittany,Le
Brittany,Long
Brittany,Moreno
Brittany,Myers
Brittany,Nguyen
Brittany,Oconnell
Brittany,Ortega
Brittany,Patterson
Brittany,Solomon
Brittany,Ward
Brittany,Weiss
Brittney,Valdez
Brooke,Nichols
Caitlin,Carter
Caitlin,King
Caitlyn,Price
Carla,Colon
Carla,Gibson
Carla,Lee
Carla,Rose
Carla,Walker
Carol,Garcia
Carol,Haynes
Carol,Little
Carol,Martin
Carol,Perez
Carol,Wilson
Caroline,Jarvis
Caroline,Salazar
Caroline,Williams
Carolyn,Farrell
Carolyn,Green
Carolyn,Horn
Carolyn,Howard
Carolyn,Ramirez
Carolyn,Rivera
Carolyn,Rodriguez
Carrie,Campbell
Carrie,Davis
Carrie,Giles
Carrie,Mathis
Carrie,Parker
Carrie,Snyder
Cassandra,Johnson
Cassandra,Lopez
Cassandra,Richardson
Catherine,Anderson
Catherine,Avila
Catherine,Barnes
Catherine,Gates
Catherine,Marshall
Catherine,Mccormick
Catherine,Mueller
Catherine,Munoz
Catherine,Rodriguez
Cathy,Harrison
Chelsea,Franklin
Chelsea,Hickman
Chelsea,Jordan
Chelsea,Palmer
Chelsea,Ramos
Chelsey,Braun
Cheryl,Anthony
Cheryl,Kirk
Cheryl,Ramirez
Cheryl,White
Cheryl,Winters
Christina,Bray
Christina,Cobb
Christina,Conner
Christina,Davis
Christina,Flynn
Christina,Harris
Christina,Herman
Christina,James
Christina,Lowe
Christina,Reed
Christina,Roberts
Christina,Rodriguez
Christina,Strickland
Christina,Tran
Christina,Williams
Christine,Banks
Christine,Kennedy
Christine,Martin
Christine,Moran
Christine,Reid
Christine,Rhodes
Christine,Sanders
Christy,Golden
Christy,Matthews
Cindy,Barry
Cindy,Dean
Claire,Smith
Colleen,Townsend
Connie,Brown
Connie,Gilmore
Connie,Harris
Courtney,Brown
Courtney,Daniels
Courtney,Fritz
Courtney,Ross
Courtney,Velasquez
Crystal,Barry
Crystal,Delgado
Crystal,Hayes
Crystal,Smith
Crystal,Vazquez
Crystal,Wright
Cynthia,Carter
Cynthia,Copeland
Cynthia,Huber
Cynthia,Johnson
Cynthia,Lopez
Cynthia,Miles
Cynthia,Smith
Dana,Munoz
Dana,White
Danielle,Davis
Danielle,Ford
Danielle,Foster
Danielle,Gilmore
Danielle,Martin
Danielle,Moore
Danielle,Robinson
Danielle,Ryan
Danielle,Walker
Danielle,Yates
Darlene,Henry
Dawn,Buckley
Dawn,Duncan
Dawn,Martin
Dawn,Matthews
Dawn,Pearson
Deanna,Elliott
Deanna,Freeman
Deanna,Smith
Deanna,Steele
Deanna,Wilson
Debbie,Beard
Debbie,Fox
Debbie,Khan
Deborah,Anderson
Deborah,Beck
Deborah,Bridges
Deborah,Lee
Deborah,Owens
Deborah,Perez
Deborah,Smith
Debra,Crawford
Debra,Lawrence
Debra,Mcdaniel
Debra,Munoz
Debra,Robinson
Debra,Sandoval
Denise,Adkins
Denise,Beltran
Denise,Hall
Denise,Howard
Denise,Oconnell
Denise,Rodriguez
Denise,Sandoval
Denise,Wright
Diana,Howell
Diana,Martinez
Diana,Perry
Diana,Prince
Diana,Thomas
Diane,Burke
Diane,Freeman
Diane,Hutchinson
Diane,Warren
Dominique,Jones
Donna,Allen
Donna,Bass
Donna,Chambers
Donna,Doyle
Donna,Garcia
Donna,Hanna
Donna,Martinez
Donna,Nelson
Donna,Reed
Doris,Sparks
Dorothy,Briggs
Dorothy,Campbell
Dorothy,Delgado
Elaine,Phillips
Elizabeth,Arellano
Elizabeth,Bautista
Elizabeth,Becker
Elizabeth,Boyd
Elizabeth,Boyle
Elizabeth,Carter
Elizabeth,Chan
Elizabeth,Coleman
Elizabeth,Crane
Elizabeth,Edwards
Elizabeth,Fischer
Elizabeth,Johnson
Elizabeth,Jordan
Elizabeth,Kent
Elizabeth,Lynch
Elizabeth,Norton
Elizabeth,Rhodes
Elizabeth,Stevens
Elizabeth,Watts
Elizabeth,Yates
Ellen,Harris
Emily,Chavez
Emily,Coleman
Emily,Cox
Emily,Horton
Emily,Howe
Emily,Jackson
Emily,Kramer
Emily,Merritt
Emily,Murphy
Emily,Perez
Emily,Price
Emily,Roach
Emily,Stokes
Emma,Gould
Emma,Williams
Erica,Carter
Erica,Clark
Erica,Diaz
Erica,Dunn
Erica,Lambert
Erica,Smith
Erica,Willis
Erika,Anderson
Erika,Chapman
Erika,Rhodes
Erika,Roberts
Erika,Thompson
Erin,Brooks
Erin,Knight
Erin,Mayo
Erin,Thomas
Erin,Todd
Evelyn,Cook
Evelyn,Tucker
Faith,Vasquez
Felicia,Contreras
Felicia,Friedman
Frances,Frost
Frances,Perez
Gabrielle,Vega
Gail,Taylor
Gina,Guzman
Gina,Nguyen
Gina,White
Gloria,Brewer
Grace,Mullen
Grace,Scott
Grace,Villanueva
Hailey,Collins
Hailey,Johnson
Hailey,Stein
Haley,Barron
Haley,Moore
Haley,Scott
Haley,Smith
Hannah,Dominguez
Hannah,Ibarra
Hannah,Jordan
Hannah,Ortega
Hannah,Ross
Heather,Allen
Heather,Blackwell
Heather,Brown
Heather,Chen
Heather,Dunn
Heather,Edwards
Heather,Elliott
Heather,Floyd
Heather,Holmes
Heather,Mcguire
Heather,Mcintosh
Heather,Mckinney
Heather,Peterson
Heather,Reed
Heather,Robinson
Heather,Saunders
Heather,Taylor
Heather,Williams
Heidi,Fowler
Heidi,Rollins
Holly,Brock
Holly,Brown
Holly,Collier
Holly,Johnson
Isabella,Banks
Jackie,Shaw
Jaclyn,Leon
Jaclyn,Scott
Jacqueline,Jones
Jacqueline,Miller
Jacqueline,Patterson
Jaime,Bell
Jamie,Anderson
Jamie,Bennett
Jamie,Johnson
Jamie,Norman
Jane,Wilson
Janet,Clark
Janice,Mcmillan
Janice,Thomas
Janice,Woods
Jasmin,Davis
Jasmin,Ford
Jasmine,Davis
Jasmine,Dyer
Jasmine,Estrada
Jasmine,Harper
Jasmine,Knight
Jasmine,Mora
Jasmine,Nelson
Jasmine,Stout
Jean,King
Jean,Quinn
Jeanne,Harrington
Jeanne,Reed
Jenna,Hayes
Jenna,Sawyer
Jenna,Thompson
Jennifer,Anderson
Jennifer,Avery
Jennifer,Barker
Jennifer,Blackwell
Jennifer,Booth
Jennifer,Bowen
Jennifer,Bryant
Jennifer,Collins
Jennifer,Cook
Jennifer,Cruz
Jennifer,Curry
Jennifer,Davis
Jennifer,Elliott
Jennifer,Garcia
Jennifer,Garrett
Jennifer,Johnson
Jennifer,Jones
Jennifer,Lee
Jennifer,Little
Jennifer,Love
Jennifer,Mcdonald
Jennifer,Melton
Jennifer,Miranda
Jennifer,Murphy
Jennifer,Neal
Jennifer,Newman
Jennifer,Nichols
Jennifer,Nielsen
Jennifer,Patel
Jennifer,Perez
Jennifer,Preston
Jennifer,Ramos
Jennifer,Sanders
Jennifer,Stephens
Jennifer,Stout
Jennifer,Thomas
Jennifer,Thompson
Jennifer,Tran
Jennifer,Wheeler
Jennifer,White
Jennifer,Williams
Jessica,Bailey
Jessica,Burgess
Jessica,Church
Jessica,Coffey
Jessica,Figueroa
Jessica,Freeman
Jessica,Hardin
Jessica,Harris
Jessica,Harrison
Jessica,Henry
Jessica,Howell
Jessica,Hunter
Jessica,Macdonald
Jessica,Martinez
Jessica,Mason
Jessica,Nelson
Jessica,Parsons
Jessica,Ramirez
Jessica,Richardson
Jessica,Rivera
Jessica,Sharp
Jessica,Shelton
Jessica,Smith
Jessica,Stewart
Jessica,Velasquez
Jessica,Walker
Jessica,Walters
Jessica,West
Jessica,Wheeler
Jill,Cantrell
Jill,Carroll
Jill,Clark
Jill,Green
Jill,Taylor
Joan,Clark
Joan,Ford
Joanne,Schneider
Jocelyn,Fowler
Jocelyn,Jimenez
Jody,Richardson
Joy,Drake
Joy,West
Joyce,Berry
Joyce,Reilly
Judith,Marshall
Judith,Weber
Julia,Doyle
Julia,Martinez
Julia,Mccormick
Julia,Ramos
Julia,Smith
Julie,Bailey
Julie,Byrd
Julie,Carlson
Julie,Ellis
Julie,Garza
Julie,Gutierrez
Julie,Lee
Julie,Perez
Julie,Powers
Julie,Rhodes
Julie,Shelton
Julie,Turner
Kaitlyn,Curtis
Kaitlyn,Gray
Kaitlyn,Johnson
Kaitlyn,Perez
Kara,White
Karen,Adams
Karen,Anderson
Karen,Mccarthy
Karen,Mclean
Karen,Quinn
Karen,Rowe
Karen,Thomas
Karen,Wang
Kari,Burgess
Kari,Keller
Katelyn,Dennis
Katelyn,Hall
Katherine,Adams
Katherine,Alvarez
Katherine,Baker
Katherine,Brown
Katherine,Christensen
Katherine,Cook
Katherine,Gardner
Katherine,Mcneil
Katherine,Miller
Katherine,Nielsen
Katherine,Oliver
Katherine,Ruiz
Katherine,Shaw
Katherine,Stephens
Katherine,Wolfe
Kathleen,Bryant
Kathleen,Chen
Kathleen,Collins
Kathleen,Davis
Kathleen,Gonzalez
Kathleen,Hart
Kathleen,Zavala
Kathryn,Espinoza
Kathryn,Foley
Kathryn,Wilson
Kathy,Bass
Kathy,Bruce
Kathy,Gonzalez
Katie,Clark
Katie,Mann
Katrina,Pena
Katrina,Powell
Kayla,Baker
Kayla,Hines
Kayla,Lewis
Kayla,Velazquez
Kelly,Austin
Kelly,Doyle
Kelly,Frederick
Kelly,Frey
Kelly,Gill
Kelly,Hernandez
Kelly,Hicks
Kelly,Mendoza
Kelly,Murray
Kelly,Ramos
Kelly,Richardson
Kelly,Williams
Kelly,Wilson
Kelsey,Brown
Kelsey,Hodge
Kendra,Collier
Kendra,Rowland
Kendra,Thomas
Kim,Robinson
Kim,Smith
Kimberly,Branch
Kimberly,Cooper
Kimberly,Davidson
Kimberly,Day
Kimberly,Garcia
Kimberly,Harrington
Kimberly,Higgins
Kimberly,Hughes
Kimberly,Johnson
Kimberly,Marshall
Kimberly,Maxwell
Kimberly,Montoya
Kimberly,Perez
Kimberly,Reed
Kimberly,Reyes
Kimberly,Rice
Kimberly,Turner
Kimberly,Willis
Kimberly,Wood
Kirsten,Klein
Kristen,Baker
Kristen,Lane
Kristen,Myers
Kristen,Patel
Kristen,Williams
Kristie,Gregory
Kristin,Adams
Kristin,Foster
Kristin,Smith
Kristina,King
Kristina,Martin
Kristy,Jones
Krystal,Abbott
Krystal,Mills
Krystal,Smith
Lacey,Garcia
Lacey,Glenn
Latasha,Lopez
Laura,Anderson
Laura,Carter
Laura,Harrington
Laura,Harvey
Laura,Jackson
Laura,Jones
Laura,Landry
Laura,Lin
Laura,Prince
Laura,Ray
Laura,Roberts
Laura,Scott
Laura,Suarez
Laura,Wiley
Lauren,Ali
Lauren,Butler
Lauren,Carpenter
Lauren,Foster
Lauren,Gutierrez
Lauren,Mercer
Lauren,Miles
Lauren,Orozco
Lauren,Pugh
Lauren,Trujillo
Lauren,Wallace
Laurie,Allen
Laurie,Barnes
Laurie,Robinson
Laurie,Watson
Leah,Lee
Leah,Martin
Leslie,Cuevas
Leslie,Weaver
Leslie,White
Linda,Carter
Linda,James
Linda,Miller
Linda,Peterson
Linda,Reed
Linda,Robinson
Linda,Rodriguez
Linda,Smith
Linda,Spencer
Linda,Thomas
Linda,Thompson
Linda,Turner
Linda,Velazquez
Lindsay,Fischer
Lindsay,Jackson
Lindsay,Martin
Lindsey,Hester
Lindsey,Quinn
Lisa,Baker
Lisa,Baldwin
Lisa,Brown
Lisa,Clark
Lisa,Cline
Lisa,Espinoza
Lisa,Garza
Lisa,George
Lisa,Gray
Lisa,Hanna
Lisa,Hebert
Lisa,Higgins
Lisa,Johnson
Lisa,Lucas
Lisa,Mcdaniel
Lisa,Nelson
Lisa,Payne
Lisa,Raymond
Lisa,Rice
Lisa,Rodriguez
Lisa,Rosario
Lisa,Shepherd
Lisa,Thomas
Lisa,Walker
Lisa,Williams
Loretta,Elliott
Loretta,Sanders
Lori,Barton
Lori,Brooks
Lori,Myers
Lorraine,Jones
Lynn,Williams
Mackenzie,Pratt
Madeline,Hebert
Madison,Smith
Margaret,Brown
Margaret,Freeman
Margaret,Hudson
Margaret,Rogers
Maria,Anderson
Maria,Maxwell
Maria,Mckay
Maria,Pittman
Maria,Reyes
Maria,Smith
Maria,Summers
Maria,Todd
Maria,Wood
Maria,Yu
Mariah,Harris
Mariah,Malone
Marie,Soto
Marie,Wong
Marissa,Castro
Martha,Anderson
Martha,Carroll
Martha,Hicks
Martha,Ruiz
Mary,Baker
Mary,Berg
Mary,Coffey
Mary,Cole
Mary,Cummings
Mary,Esparza
Mary,Garcia
Mary,Greer
Mary,Hall
Mary,Jones
Mary,Little
Mary,Martin
Mary,Moody
Mary,Perez
Mary,Rice
Mary,Roberts
Mary,Schultz
Mary,Stephens
Mary,Thompson
Mary,Todd
Mary,Villegas
Maureen,Fisher
Megan,Berger
Megan,Butler
Megan,Frazier
Megan,Gray
Megan,Gregory
Megan,Haley
Megan,Hernandez
Megan,Howard
Megan,Potter
Megan,Rodriguez
Megan,Salazar
Megan,Stone
Megan,Walker
Megan,Webb
Megan,White
Meghan,Carlson
Meghan,Clark
Meghan,Morrow
Meghan,Richardson
Melanie,Hancock
Melanie,Thomas
Melinda,Parks
Melissa,Abbott
Melissa,Adams
Melissa,Alvarado
Melissa,Anderson
Melissa,Baker
Melissa,Bernard
Melissa,Bowman
Melissa,Brown
Melissa,Cook
Melissa,Edwards
Melissa,Fields
Melissa,Frazier
Melissa,Gill
Melissa,Jensen
Melissa,Martin
Melissa,Maxwell
Melissa,Palmer
Melissa,Perez
Melissa,Ross
Melissa,Sanders
Melissa,Sutton
Melissa,White
Mercedes,Haney
Meredith,James
Michaela,Phillips
Michele,Hoffman
Michele,Martin
Michele,Ramirez
Michele,Sanchez
Michelle,Alexander
Michelle,Berger
Michelle,Brown
Michelle,Chapman
Michelle,Choi
Michelle,Deleon
Michelle,Gonzalez
Michelle,Graham
Michelle,Hayes
Michelle,Hudson
Michelle,Hunt
Michelle,Jacobson
Michelle,Lloyd
Michelle,Mercado
Michelle,Meyers
Michelle,Miller
Michelle,Morgan
Michelle,Peterson
Michelle,Potter
Michelle,Pratt
Michelle,Roberson
Michelle,Rogers
Michelle,Santiago
Michelle,Schneider
Michelle,Scott
Michelle,Simmons
Michelle,Thomas
Michelle,Thornton
Michelle,Wall
Michelle,Weber
Mikayla,Curry
Miranda,Blankenship
Miranda,Ray
Misty,Davis
Misty,Evans
Misty,Gallagher
Misty,Johnson
Misty,Williamson
Molly,Nguyen
Monica,Adams
Monica,Clark
Monica,Collins
Monica,Cortez
Monica,Gamble
Monica,Garcia
Monica,Sawyer
Monica,Williams
Monique,Best
Morgan,Cherry
Morgan,Davis
Morgan,Smith
Morgan,Young
Nancy,Cervantes
Nancy,Harris
Nancy,Lewis
Nancy,Ross
Nancy,Sanchez
Nancy,Simon
Natalie,Conrad
Natalie,Flores
Natalie,Key
Natalie,Lewis
Natalie,Little
Natalie,Mejia
Natalie,Rodriguez
Natalie,Smith
Natalie,Underwood
Natalie,Williams
Natasha,Garcia
Natasha,Johnson
Natasha,Merritt
Nichole,Greer
Nichole,Lester
Nicole,Boone
Nicole,Boyer
Nicole,Coleman
Nicole,Fisher
Nicole,Haynes
Nicole,Henry
Nicole,Hernandez
Nicole,Kirk
Nicole,Larson
Nicole,Mcconnell
Nicole,Mcdonald
Nicole,Miller
Nicole,Morrow
Nicole,Newton
Nicole,Perry
Nicole,Ramos
Nicole,Ward
Nicole,Williams
Nicole,Wood
Olivia,Goodman
Olivia,Rivera
Olivia,Roberts
Olivia,Smith
Olivia,Williamson
Paige,Grant
Pam,Rodriguez
Pam,Singh
Pamela,Hill
Pamela,Levine
Pamela,Mccarthy
Pamela,Solis
Pamela,White
Patricia,Barnes
Patricia,Decker
Patricia,Herrera
Patricia,Horton
Patricia,Johnson
Patricia,Mcclain
Patricia,Mitchell
Patricia,Robbins
Patricia,Simpson
Peggy,Knight
Peggy,Pierce
Phyllis,Mahoney
Rachael,Mcdonald
Rachel,Buckley
Rachel,Gray
Rachel,Johnson
Rachel,Kelly
Rachel,Lambert
Rachel,Marks
Rachel,Oconnell
Rachel,Roberts
Rachel,Strickland
Rachel,Warner
Rachel,White
Raven,Burns
Rebecca,Adkins
Rebecca,Alexander
Rebecca,Brown
Rebecca,Burns
Rebecca,Campos
Rebecca,Clayton
Rebecca,Jenkins
Rebecca,Johnson
Rebecca,Kim
Rebecca,Love
Rebecca,Morrison
Rebecca,Patel
Rebecca,Rivera
Rebecca,Smith
Rebecca,Valencia
Rebecca,Watts
Rebecca,Young
Regina,Lamb
Regina,Spence
Renee,Wells
Rhonda,Marshall
Rhonda,Ortiz
Rhonda,Patterson
Rhonda,Ramirez
Rhonda,Randolph
Rita,Simmons
Robin,Brown
Robin,Crawford
Robin,Hall
Robin,Valencia
Robin,Wallace
Robin,Watkins
Ruth,Smith
Sabrina,Allen
Sabrina,Caldwell
Sabrina,Drake
Sabrina,Ferguson
Sabrina,Graves
Sally,Bates
Sally,Reed
Sally,Rogers
Samantha,Barnes
Samantha,Brown
Samantha,Delacruz
Samantha,Garcia
Samantha,Jones
Samantha,Lewis
Samantha,Mack
Samantha,Mills
Samantha,Murphy
Samantha,Norris
Samantha,Scott
Samantha,Torres
Samantha,Watson
Samantha,Williams
Sandra,Alvarado
Sandra,Brennan
Sandra,Cox
Sandra,Greer
Sandra,Ingram
Sandra,Lee
Sandra,Love
Sandra,Mason
Sandra,Mitchell
Sandra,Morgan
Sandra,Nelson
Sandra,Ramirez
Sandra,Santos
Sandra,Small
Sandra,Thompson
Sara,Burton
Sara,Cruz
Sara,Davis
Sara,Dunn
Sara,Nelson
Sara,Palmer
Sara,Parker
Sara,Smith
Sara,Valenzuela
Sarah,Acosta
Sarah,Bailey
Sarah,Bartlett
Sarah,Coleman
Sarah,Conley
Sarah,Hall
Sarah,Harmon
Sarah,Lyons
Sarah,Meadows
Sarah,Phelps
Sarah,Terrell
Sarah,Williams
Shannon,Bridges
Shannon,Prince
Shannon,Reid
Shannon,Santana
Shannon,Ward
Shannon,Weiss
Shannon,Williams
Shannon,Young
Sharon,Black
Sharon,Mcbride
Sharon,Rowe
Sharon,Taylor
Sharon,Washington
Shawna,Kirby
Sheena,Ford
Sheena,Green
Sheila,Garcia
Sheila,Lewis
Sheila,Mitchell
Shelby,Black
Shelby,Briggs
Shelby,Harris
Shelby,Martinez
Shelby,Sandoval
Shelley,Tran
Shelly,Hicks
Sheri,Meyer
Sherri,Austin
Sherri,Fisher
Sherry,Jenkins
Shirley,Horton
Sierra,Lambert
Sierra,Murphy
Sierra,Nelson
Sierra,Wood
Sierra,Young
Sonia,Brennan
Sonya,Deleon
Sophia,Jackson
Sophia,Shaw
Stacey,Day
Stacey,Medina
Stacey,Moss
Stacey,Silva
Stacey,Turner
Stacie,Greer
Stacie,Jordan
Stacy,King
Stacy,Leblanc
Stacy,Smith
Stefanie,Steele
Stephanie,Andrews
Stephanie,Black
Stephanie,Brooks
Stephanie,Cannon
Stephanie,Crawford
Stephanie,Cruz
Stephanie,Decker
Stephanie,Gaines
Stephanie,Hamilton
Stephanie,Harrison
Stephanie,Hickman
Stephanie,Jackson
Stephanie,Morgan
Stephanie,Ramirez
Susan,Arnold
Susan,Brown
Susan,Campbell
Susan,Davidson
Susan,Dudley
Susan,Fleming
Susan,Freeman
Susan,Gonzalez
Susan,Harper
Susan,Hendricks
Susan,Herrera
Susan,Jackson
Susan,Moore
Susan,Ponce
Susan,Powell
Susan,Vaughn
Susan,Wilson
Sydney,Briggs
Sylvia,Murillo
Sylvia,Wood
Tabitha,Anderson
Tabitha,Mason
Tabitha,Zimmerman
Tamara,Fleming
Tamara,Lee
Tamara,Webster
Tami,Savage
Tammie,Nicholson
Tammy,Buchanan
Tammy,Conner
Tammy,Gonzalez
Tammy,Harrell
Tammy,Rodriguez
Tammy,Wagner
Tanya,Cooper
Tara,Johnson
Tara,Lynch
Tara,Tran
Tara,Williams
Taylor,Anderson
Taylor,Brooks
Taylor,Castaneda
Taylor,Dudley
Taylor,Ellis
Taylor,Forbes
Taylor,Garza
Taylor,Lynch
Taylor,Perkins
Teresa,Davis
Teresa,Hernandez
Teresa,Parker
Teresa,Rasmussen
Teresa,Ross
Teresa,Vega
Terri,Dougherty
Terri,Riddle
Terri,Simon
Terry,Rogers
Theresa,Brown
Theresa,Caldwell
Theresa,Frederick
Theresa,Griffin
Tiffany,Dawson
Tiffany,Jenkins
Tiffany,Little
Tiffany,Michael
Tiffany,Miller
Tiffany,Morris
Tiffany,Murray
Tiffany,Peterson
Tiffany,Rivera
Tiffany,Romero
Tiffany,Scott
Tina,Barajas
Tina,Cervantes
Tina,Davis
Tina,Jackson
Tina,Simmons
Toni,Barajas
Toni,Duncan
Toni,Thomas
Tonya,Brown
Tonya,Burke
Tonya,Cain
Tonya,Jackson
Tonya,Ramirez
Tonya,Shepherd
Tonya,Smith
Tonya,Torres
Tracey,Randall
Traci,Mclean
Traci,Torres
Tracy,Green
Tracy,Harrison
Tracy,Nguyen
Tracy,Robbins
Tracy,Schneider
Tricia,Fox
Valerie,Meadows
Valerie,Mitchell
Valerie,Page
Valerie,Webb
Valerie,Williams
Vanessa,Middleton
Vanessa,Smith
Veronica,Anderson
Veronica,Fleming
Vicki,Mclean
Vicki,Rowland
Victoria,Gardner
Victoria,Malone
Victoria,Peters
Victoria,Saunders
Victoria,Scott
Victoria,Wallace
Virginia,Gonzalez
Virginia,Price
Virginia,Robles
Wanda,Smith
Wendy,Griffith
Wendy,Lucas
Wendy,Murphy
Wendy,Reid
Wendy,Thomas
Wendy,Vasquez
Wendy,Walker
Wendy,Williams
Wendy,Wright
Whitney,Thornton
Yolanda,Sparks
Yvette,Fleming
Yvonne,Dixon
Zoe,Gonzalez
Emma,Johnson
Olivia,Smith
Ava,Brown
Sophia,Williams
Isabella,Jones
Mia,Garcia
Amelia,Martinez
Evelyn,Davis
Abigail,Taylor
Elizabeth,Anderson
Grace,White
Scarlett,Harris
Madison,Moore
Luna,King
Camila,Wright
Penelope,Lopez
Riley,Hill
Nora,Adams
Lily,Baker
Aubrey,Roberts
Ellie,Turner
Stella,Phillips
Natalie,Campbell
Leah,Evans
Hazel,Edwards
Violet,Collins
Aurora,Stewart
Audrey,Sanders
Bella,Bennett
Claire,Rivera
Anna,Jenkins
Genesis,Long
Maya,Barnes
Willow,Coleman
Naomi,Ross
Aaliyah,Russell
Elena,Morgan
Sarah,Lee
Gabriella,Howard
Alice,Ward
Madelyn,Torres
Cora,Peterson
Ruby,Gray
Serenity,James
Adeline,Brooks
Hailey,Kelly
Valentina,Price
Eliana,Jenkins
Ivy,Long
Lydia,Ross
Alexa,Russell
Emery,Lee
Julia,Richardson
Arianna,Howard
Vivian,Ward
Kaylee,Torres
Brielle,Gray
Peyton,James
Rylee,Watson
Raelynn,Kelly
Melanie,Sanders
Mackenzie,Price
Hadley,Bennett
Elise,Jenkins
Harmony,Perry
Adalyn,Powell
Athena,Long
Aubree,Ramirez
Kendall,Ross
Sienna,Morgan
Sloane,Cox
Sydney,Howard
Haven,Torres
Palmer,James
Tatum,Brooks
Skylar,Kelly
Violet,Price
Zaria,Jenkins
Addilyn,Perry
Aleah,Long
Alyssa,Barnes
Amaya,Ross
Amira,Russell
Anaya,Morgan
Anika,Lee
Annabel,Richardson
Arya,Howard
Ashlynn,Ward
Avianna,Gray
Beatrix,James
Bianca,Watson
Braelyn,Brooks
Callie,Sanders
Cambria,Price
Catalina,Perry
Celeste,Long
Celia,Ramirez
Charleigh,Barnes
Charlie,Russell
Charlotte,Morgan
Colette,Richardson
Dahlia,Howard
Dakota,Ward
Daniella,Torres
Dayana,Gray
Delaney,Ramirez
Demi,Watson
Della,Brooks
Dylan,Kelly
Elaina,Price
Elodie,Perry
Emilia,Long
Emmeline,Ramirez
Everleigh,Barnes
Fallon,Ross
Freya,Morgan
Gabrielle,Lee
Genesis,Richardson
Georgia,Cox
Gia,Howard
Giana,Ward
Giovanna,Torres
Gracelyn,Peterson
Greta,Ramirez
Harlow,Kelly
Helena,Price
Hattie,Bennett
Holland,Perry
Hunter,Powell
Indie,Long
Isabelle,Ross
Ivy,Russell
Jada,Lee
Jadyn,Richardson
Jaelyn,Cox
Jaliyah,Howard
Jaycee,Torres
Jayla,Gray
Jayleen,Ramirez
Jaylinn,James
Jaylynn,Watson
Jazlyn,Brooks
Jazmin,Kelly
Jenna,Sanders
Jessa,Price
Jocelyn,Bennett
Jolene,Jenkins
Jordan,Perry
Jordyn,Powell
Joselyn,Long
Josie,Ramirez
Jovie,Barnes
Joy,Ross
Kaia,Morgan
Kaiya,Richardson
Kali,Howard
Kara,Torres
Katalina,Peterson
Kate,Gray
Kaydence,Ramirez
Kehlani,James
Kenna,Watson
Keira,Kelly
Kenzie,Sanders
Khloe,Price
Kinslee,Bennett
Kylie,Perry
Kyra,Powell
Lacey,Long
Laila,Barnes
Laney,Ross
Laniyah,Russell
Lara,Morgan
Lauren,Richardson
Lauryn,Cox
Leanna,Howard
Leila,Torres
Leilani,Peterson
Liana,Brooks
Lia,Kelly
Liliana,Sanders
Lilly,Price
Livia,Bennett
Londyn,Jenkins
Lorelai,Perry
Lorelei,Powell
Louisa,Long
Luciana,Ramirez
Lylah,Morgan
Macie,Richardson
Mackenzie,Cox
Madelynn,Howard
Madilyn,Ward
Mairead,Gray
Maisie,Ramirez
Makayla,James
Malani,Watson
Maliyah,Sanders
Margaret,Jenkins
Mariah,Perry
Marlee,Long
Maryam,Barnes
Matilda,Ross
Mckenzie,Russell
Melina,Morgan
Michaela,Richardson
Michelle,Howard
Milan,Torres
Milania,Peterson
Millie,Ramirez
Miri,Watson
Miriam,Brooks
Molly,Kelly
Myla,Sanders
Nadia,Price
Nala,Jenkins
Nancy,Perry
Naomi,Powell
Natalia,Long
Natalie,Ramirez
Natasha,Ross
Naya,Russell
Nia,Morgan
Nina,Richardson
Noah,Howard
Nora,Ward
Oaklee,Peterson
Oaklyn,Ramirez
Oaklynn,James
Olive,Watson
Ophelia,Kelly
Paige,Sanders
Palmer,Jenkins
Parker,Perry
Penelope,Barnes
Penny,Ross
Peyton,Russell
Phoebe,Lee
Pippa,Richardson
